<?xml version="1.0"?>
<doc>
    <assembly>
        <name>Pizzunia</name>
    </assembly>
    <members>
        <member name="M:Pizzunia.Controllers.ClientsController.GetClients">
            <summary>
            zwraca dane o klientach
            </summary>
            <returns></returns>
        </member>
        <member name="M:Pizzunia.Controllers.ClientsController.CreateClient(Pizzunia.Models.KlientZalogowany)">
            <summary>
            tworzy klienta
            </summary>
            <param name="newClient"></param>
            <returns></returns>
        </member>
    </members>
</doc>
